,precision,recall,f1-score,support
country,0.23166149322006208,0.49511173184357543,0.31563717306622147,8592.0
misc,0.4827662273203552,0.6435345144453429,0.5516763297201915,13603.0
pop,0.653736053389436,0.5611898981525344,0.6039381556622936,135104.0
rap,0.8631716962829519,0.8415347681947144,0.852215919256554,96223.0
rb,0.23538085444879903,0.3932831950207469,0.2945017599223207,15424.0
rock,0.47194802578565676,0.44853058489422126,0.45994142957642786,62678.0
accuracy,0.615097218536656,0.615097218536656,0.615097218536656,0.615097218536656
macro avg,0.4897773917412101,0.5638641154251892,0.5129851278673349,331624.0
weighted avg,0.6427402814264289,0.615097218536656,0.624756485518008,331624.0
