model,accuracy,macro_f1,weighted_f1,macro_precision,macro_recall
LinearSVC,0.6152087906785999,0.5139932252687763,0.6249043685211967,0.4907030294891795,0.5652458641688363
SGD(log_loss),0.6284587364002605,0.4981029051049324,0.6208357198717085,0.5027717504996491,0.5070442373190881
LogReg,0.5587080549055556,0.49222770182713144,0.5764038307627438,0.4764554855532274,0.6094450952699852
